uuid|teacheruuid|sujectuuid|form
0f267208-648b-42b1-85c6-13f36135ee0a|9A5D5377-06C5-4EA1-9A5F-ECE6BBDD7F09|D0F7EC32-EA25-7D32-8708-2CC132446A2E|FORM 1 E
3334E901-CAC8-4C4D-9E3F-D3232D27A1C0|A68F5C77-493F-49B1-973D-1B950987D1FC|66027e51-b1ad-4b10-8250-63af64d23323|FORM 3 N
E7716CEE-A8E5-46AA-93F3-3DBC0499F433|E84D14F4-F9E9-4B7A-A5A6-1CF61A808DE0|4f59580d-1a16-4669-9ed5-4b89615d6903|FORM 4 W
4E9C5AE7-3EA5-49FB-90A1-6E155A455093|362B5170-6B33-40CA-B72B-7ACEE8315ECB|552c0a24-6038-440f-add5-2dadfb9a23bd|FORM 3 S
D1D190FC-722E-4C9D-9D40-886F0BFC099C|0BD257AB-A563-45AD-AE6D-E2975AD9EF89|44f23b3c-e066-4b45-931c-0e8073d3a93a|FORM 1 N
EE04C6BD-BE5A-47EA-8DCB-EF136F2E70A3|823DBDE5-6B90-4801-A174-3D7BA9C3C731|de0c86be-9bcb-4d3b-8098-b06687536c1f|FORM 2 W
90C15B26-DE14-4E8B-B1E0-C68C436D2AB0|058DDF8A-AECA-4D7F-B3E4-03DC3EC2FE62|c9caf109-c27d-4062-9b9f-ac4268629e27|FORM 1 T
05088F52-AEC2-4510-846C-4B9A946FF1CD|44920C2A-DD8E-4539-BA87-C0AD6CB07FCC|f098e943-26fd-4dc0-b6a0-2d02477004a4|FORM 4 N
22ABA06E-CC77-43D2-AABE-D3BF36544AA7|F138A589-E912-4D97-A9F8-342E8F2F964E|0e5dc1c6-f62f-4a36-a1ec-064173332694|FORM 4 T
AFE36B81-CB73-450A-BE70-573F16D424CC|2E6223D9-1013-462B-A33E-30009506D45E|e1729cc2-524a-4069-b4a4-be5aec8473fe|FORM 2 N
