Uuid|SchoolAccountUuid|RoomName
4DA86139-6A72-4089-8858-6A3A613FDFE6|E3CDC578-37BA-4CDB-B150-DAB0409270CD|FORM 1 N
E06D24F3-6D2C-47A5-9300-F880877E0C1C|3A387B8B-A0D8-4F27-B9D2-E329619DF055|FORM 1 S
A41016A0-2848-4969-8197-878D1D9687D6|E3CDC578-37BA-4CDB-B150-DAB0409270CD|FORM 1 E
4927E344-0A7C-40A1-AD9B-4A0E4AC305B8|E3CDC578-37BA-4CDB-B150-DAB0409270CD|FORM 1 W
59E5F556-4B04-43B2-8139-E2D39A7836C6|E3CDC578-37BA-4CDB-B150-DAB0409270CD|FORM 2 N
343E96D0-3F83-4A37-A4DA-5A18EF6E8937|E3CDC578-37BA-4CDB-B150-DAB0409270CD|FORM 2 S
04CF6D23-2063-47A4-A055-A4C3F88E0890|E3CDC578-37BA-4CDB-B150-DAB0409270CD|FORM 2 E
7E8BDC36-02E4-45F6-8EC6-AA5B95EA79D0|E3CDC578-37BA-4CDB-B150-DAB0409270CD|FORM 2 W
46398A47-93F2-4591-B36F-1C28B03CC2F3|E3CDC578-37BA-4CDB-B150-DAB0409270CD|FORM 3 N
EEF296C6-0A09-499B-89AA-9AF92CC87701|E3CDC578-37BA-4CDB-B150-DAB0409270CD|FORM 3 S
D8088F84-8BEA-4DCF-B13A-7FA350B7331F|E3CDC578-37BA-4CDB-B150-DAB0409270CD|FORM 3 E
13C66627-450B-4808-A6A9-E26256BF2E68|E3CDC578-37BA-4CDB-B150-DAB0409270CD|FORM 3 W
D3733507-C113-4795-91ED-D3CD8039EA03|E3CDC578-37BA-4CDB-B150-DAB0409270CD|FORM 4 N
37D3223A-547E-4BA9-BD0C-28F6187BB5D4|E3CDC578-37BA-4CDB-B150-DAB0409270CD|FORM 4 S
58444390-EFCA-4C4B-9010-577C31499A63|E3CDC578-37BA-4CDB-B150-DAB0409270CD|FORM 4 E
B6D838A4-9476-428D-9AFF-758BB55FF270|E3CDC578-37BA-4CDB-B150-DAB0409270CD|FORM 4 W
