FirstName|LastName|SurName|BcertNo
Baxter|Curran|Carter|51331
Prescott|Melvin|Marshall|61134
Clinton|Benedict|Brian|72318
Griffin|Felix|Peter|56811
Amos|Akeem|Kuame|33672
Bradley|Colton|Gavin|71980
Kyle|Hammett|Blake|43659
Zachery|Christian|Chadwick|82727
Leroy|Beck|Brody|63821
Damian|Keith|Tad|98266
Gage|Alan|Len|09839
Igor|Marvin|Rudyard|82380
Wing|Kaseem|Acton|37103
Lyle|Josiah|Igor|11671
Jelani|Jackson|Dennis|60421
Hamish|Kennan|Ishmael|52029
Zeph|Kyle|Malcolm|66151
Ferris|Ivan|Xander|80260
Chandler|Vaughan|Jermaine|05079
Marshall|Cain|Clinton|58451
Ryan|Dorian|Jacob|25630
Kareem|Dominic|Garth|94371
Hamish|Graiden|Joshua|72545
Peter|Porter|Luke|05024
Paki|Fletcher|Zephania|90411
Lucian|Demetrius|Knox|39128
Lester|Lee|Adam|38839
Dolan|Todd|Brenden|07401
Joel|Orson|Calvin|51118
Brenden|Benjamin|Hasad|28609
Tyler|Hayes|Perry|53740
Deacon|Yasir|Eric|13923
Armand|Alan|Curran|46043
Garrett|Kenyon|Burton|44323
Octavius|Malachi|Kermit|57734
Barclay|Aidan|Grant|62480
Sean|Edward|Oleg|82686
Colin|Cole|Lev|39615
Hiram|Honorato|Ferris|61768
Stewart|Dennis|Uriah|63507
Kennedy|Nathan|Lucian|12429
Dante|Colin|Nigel|87813
Isaac|Marsden|Silas|52875
Thomas|Patrick|Abdul|14924
Gareth|Merrill|Cairo|53734
Curran|Chaim|Allen|47909
Ashton|Colorado|Upton|85880
Hall|Ray|Amos|57707
Dustin|Hayden|Dane|94872
Jerry|Magee|Kenyon|18977
Hiram|Benjamin|Kasper|04238
Plato|Rogan|Griffith|65192
Kennedy|Leo|Ivan|39760
Cade|Callum|Paul|90131
Cody|Reuben|Alexander|11733
Reese|Emery|Brian|22075
Bruno|Ulric|Ivan|17476
Edward|Ivan|Brody|67307
Chaney|Fritz|Garrison|94703
Curran|Lars|Rafael|68359
Adrian|Ashton|Jelani|79626
Ferris|Jeremy|Omar|01026
Alec|Boris|Linus|70764
Solomon|Quinlan|Murphy|65599
Abbot|Nehru|Xanthus|82657
Lewis|Guy|Steven|66163
Brock|Curran|Xavier|48826
Harlan|David|Alvin|71640
Jared|Keaton|William|59394
Ronan|Victor|Alexander|57792
Harrison|Micah|Xander|39988
Ira|Ronan|Ross|59583
Garth|Nissim|Mark|61437
Reese|Jerry|Gabriel|71835
Benjamin|Beck|Stuart|56164
Dexter|Cameron|Lev|61853
Kareem|Mannix|Drake|75755
Emerson|Theodore|Colt|93363
Jin|Ronan|Aristotle|87813
Tyrone|Aaron|Zeus|62675
Raymond|Oleg|Jermaine|48418
Roth|Amery|Baxter|22146
Wyatt|Brock|Wing|64851
Nissim|Dane|Hiram|18001
Kenneth|Rogan|Daquan|76054
Tad|Adrian|Grady|14910
Lev|Alvin|Chadwick|73990
Silas|Hakeem|Mohammad|44992
Colin|Rajah|Dieter|37187
Jerome|Cameron|Adam|76167
Rogan|Dorian|Price|89036
Keith|Kaseem|Zeus|68789
Uriel|Colton|Oren|88249
Cooper|Caesar|Forrest|76070
Ralph|Randall|Burton|43388
Aquila|Plato|Fuller|54909
Dustin|Matthew|Thomas|40862
Jack|Barry|Thaddeus|41854
Salvador|Aladdin|Joshua|78435
Hamilton|Berk|Phelan|88733