FirstName|LastName|SurName|BcertNo
Gareth|Mohammad|Lars|50963
Deacon|Keane|Aladdin|67342
Kasper|Raphael|Clayton|56555
Quinn|Finn|Jermaine|47094
Hamish|Jameson|Thomas|07046
Tobias|Raphael|Jackson|57262
Byron|Hunter|Dante|25243
Lionel|Nero|Dennis|31521
Jamal|Ryder|Zane|62799
Finn|Len|Lewis|08186
Chandler|Murphy|Theodore|72814
Dean|Nathan|Eric|46954
Benedict|Duncan|Jared|68203
Keane|Baxter|Leonard|39880
Tanek|Noble|Tarik|29717
Baxter|Rajah|Grady|18948
Oren|Stone|Ross|74448
Stewart|Cody|Erasmus|88003
Ethan|Melvin|Tate|32638
Ulric|Ashton|Brandon|46478
Otto|Clark|Fuller|99508
Jamal|Len|Hu|36105
Jarrod|Keefe|Rigel|52383
Charles|Ulysses|Noah|91082
Xenos|Colton|Dante|63608
Alvin|Mannix|Howard|84305
Clayton|Price|Zahir|83809
Conan|Alan|Maxwell|22446
Plato|Keegan|Chaney|99468
Nehru|Abel|Forrest|77055
Wang|Dexter|Nolan|59842
Robert|Justin|Harper|12624
Zane|Ira|Clayton|55221
Anthony|Scott|Brenden|69240
Ali|Lionel|Hector|13362
Howard|Kane|Elton|19977
Edan|Grant|Benedict|34106
Preston|Howard|Perry|94303
Francis|Myles|Kirk|66398
Palmer|Jakeem|Levi|79258
Emery|Ethan|James|78346
Oliver|Carlos|Deacon|90738
Gannon|Ross|Clarke|87909
Gray|Dante|Victor|79530
Ryan|Xenos|Bevis|10315
Rigel|Len|Hayes|02706
Micah|Micah|Warren|49665
Calvin|Hiram|Jameson|59519
Jordan|Wesley|Magee|72687
Mark|Herrod|Nathaniel|05563
Cullen|Stewart|Byron|48558
Gregory|Derek|Bert|43313
Stephen|Orlando|Bradley|91850
Armand|Deacon|Samuel|18153
Garrison|Paki|Alexander|19728
Callum|Dalton|Cooper|01004
Benjamin|Baxter|Elijah|08454
Blaze|Nissim|Barry|79826
Jarrod|Ross|Murphy|04724
Dorian|Travis|Ryder|68495
Ivor|Hamilton|Ali|93341
Jelani|Carl|Armand|17093
Hasad|Alexander|Richard|93942
Eric|Tyrone|Cairo|77240
Philip|Eagan|Dexter|32437
Matthew|Austin|Elton|10520
Oliver|William|Drew|18212
Zachary|Colorado|Ira|69722
Wylie|Rigel|Cole|26655
Vance|Thaddeus|Brenden|62724
Dustin|Ira|Bevis|43015
Kennedy|Emmanuel|Jonah|79317
Colt|Bruno|Holmes|84701
Byron|Marvin|Connor|76927
Camden|Howard|Cyrus|14261
Marsden|Oleg|Prescott|99028
Cade|Giacomo|Quinn|52527
Dominic|Keefe|Gabriel|96563
Igor|Cain|Malachi|83210
Howard|Addison|Samuel|14241
Lionel|Jasper|Joseph|86562
Ralph|Kuame|Driscoll|49009
Hayes|Dolan|Asher|39709
Raphael|Omar|Nash|26915
Aquila|Bert|Ulysses|12792
Lewis|Ishmael|Wayne|06518
Tanek|Lyle|Jack|16386
Ryan|Ali|Prescott|84855
Damon|Nathaniel|Forrest|72423
William|Eagan|Derek|53015
Ian|Ryan|Matthew|00324
Kuame|Malcolm|Jerry|62124
Ronan|Carter|Thor|03910
Grady|Peter|Jack|25969
Maxwell|Holmes|Moses|70307
Flynn|Kadeem|Talon|52191
Cameron|Judah|Linus|49305
Yardley|Adam|Hop|81967
Lane|Basil|Galvin|43894
Francis|Callum|Justin|28825