FirstName|LastName|SurName|BcertNo
Judah|Neville|Marvin|33233
Marshall|Calvin|Coby|13845
Igor|Herman|Nigel|80627
Griffin|Xanthus|Plato|88039
Ferdinand|Nathan|Xenos|20305
Bradley|Lionel|Harding|02828
Kenyon|Zane|Lee|87471
Kermit|Jin|Connor|53311
Hall|Hector|Herrod|45026
Kelly|Nicholas|John|28128
Isaac|Tyrone|Brandon|14052
Tyrone|Christopher|Rahim|04791
Hall|Cameron|George|97280
Alec|Kermit|Wesley|30699
Nehru|Cade|Tarik|20230
Arthur|Marsden|Zahir|38344
Jermaine|Randall|Kato|48099
Aladdin|Amir|Garth|44753
Steel|Hector|Julian|50896
Yuli|Derek|Ezekiel|44754
Honorato|Hedley|Oscar|87941
Curran|Nicholas|Reuben|97113
Kennedy|Kevin|Tiger|91077
Rashad|Hammett|Elliott|05268
Connor|Zachary|Craig|94273
Palmer|Quamar|Zachery|09071
Tobias|Seth|Hilel|83384
Carter|Oscar|Grant|74594
Merrill|Arsenio|Hu|44976
Declan|Lewis|Luke|42650
Thor|Owen|Emerson|24641
Dorian|Eric|Drake|63731
Dale|Devin|Alden|56122
Cade|Ralph|Lev|63701
Laith|Chase|Lawrence|20459
Omar|Hall|Chase|06357
Keaton|Erasmus|Kenneth|90507
Lev|Griffin|Jared|13960
Elton|Quamar|Reece|28368
Graiden|Martin|Austin|87585
Zeus|Grant|Rafael|36462
Hammett|Blaze|Noah|38703
Joel|Nolan|Marvin|68278
Beck|Dalton|Nolan|62203
Zachary|Lawrence|Joseph|68835
Prescott|Geoffrey|Byron|52086
Perry|Zeus|Adrian|87887
Jasper|Prescott|Steel|51749
Mohammad|Alden|Vincent|84565
Gage|Gareth|Shad|95184
Stone|Nehru|Drew|27742
Gregory|Asher|Philip|11999
Connor|Chancellor|Avram|55420
Omar|Sylvester|Kelly|98598
Ferdinand|Marvin|Adrian|15518
Blaze|Kirk|Abbot|57979
Alec|Erich|Bradley|66504
Oren|Ivan|Jason|59941
Castor|Omar|Caesar|39503
Brett|Mark|Shad|21839
Fletcher|Sean|Marshall|41924
Dale|Marshall|Hamish|70861
Malcolm|Isaiah|Porter|47536
Lance|Aladdin|Branden|17874
Brennan|Ishmael|Randall|06440
Hayden|Jakeem|Warren|72427
Erasmus|Edward|Fletcher|64108
Aristotle|Todd|Chadwick|76833
Jeremy|Zane|Moses|55026
Nicholas|Cameron|Fitzgerald|92347
Vance|Dieter|Simon|62182
Dieter|Maxwell|Randall|65484
Cadman|Carlos|Abraham|11283
Oliver|Adrian|Wing|15290
Lars|Neville|Colt|75492
Paki|Malachi|Zachary|03146
Benedict|Hamilton|Guy|26483
Preston|Zane|Holmes|63527
Thane|Roth|Uriel|17791
Hammett|Neil|Salvador|11671
Reed|Orson|Clinton|07573
Nathan|Castor|Finn|61697
Neil|Slade|Gareth|31544
Xavier|Igor|Amir|17610
Acton|Dante|Reese|11059
Jarrod|Ulysses|Phillip|08358
Abraham|Raja|Thor|68112
Bruno|Cruz|Scott|98421
Ezekiel|Todd|Judah|17665
Armand|Nathaniel|Harper|33616
Hunter|Honorato|Leonard|68613
Erasmus|Gannon|Ishmael|30533
Ryder|Benjamin|Gannon|15357
Malik|Kelly|Louis|48065
Randall|Xander|Burton|96835
Abbot|Bradley|Wallace|26902
Tobias|Eric|Thomas|51175
Zachery|Brendan|Caldwell|33041
Giacomo|Ira|Griffin|26924
Oliver|Julian|Clayton|14444