FirstName|LastName|SurName|BcertNo
Xavier|Donovan|Marsden|85346
Dieter|Clark|Bruno|37814
Rafael|Hyatt|Kasimir|80972
Geoffrey|Ahmed|Abbot|45356
Abbot|Coby|Omar|83811
Tanner|Rashad|Cain|03555
Hop|Scott|Jack|77211
Blake|William|Reuben|29645
Nash|Kasimir|Norman|59053
Vernon|Jin|Luke|92429
Jonah|Ciaran|Maxwell|56565
Linus|Jeremy|Wang|26316
Wyatt|Mohammad|Price|83716
Nasim|Noah|Philip|97558
Rudyard|Brock|Darius|95335
Basil|Nero|Finn|64807
Eaton|Marvin|Gabriel|78056
Theodore|Drew|Gil|51041
Hector|Maxwell|Lance|79774
Sean|Ferdinand|Hunter|04274
Edan|Jesse|Jonah|97132
Nash|Harding|Linus|57872
Russell|Abdul|Christian|58323
Charles|Kieran|Mufutau|51198
Levi|Kieran|Zane|53199
Ryder|Dolan|Lucas|60599
Ryan|Caldwell|Amal|37554
Roth|Upton|Merritt|46237
Emery|Forrest|Lucian|73420
Zephania|Colt|Zeph|87266
Uriah|Matthew|Edward|81942
Axel|Malachi|Chadwick|02109
Eric|Jerome|Colorado|29568
Zachary|Edward|Philip|55470
Macon|August|Uriah|39330
Allistair|Kaseem|Hyatt|89149
Zeph|Caleb|Ciaran|84630
Rahim|Armando|Logan|55441
Murphy|Mannix|Paul|89598
Macaulay|Caldwell|Dillon|74893
Damian|Hammett|Herman|90355
Keegan|Josiah|Cedric|24531
Tyler|Samuel|Kamal|04812
Oscar|Brenden|Dennis|15378
Dean|Kenyon|Victor|58959
August|Julian|Gray|35925
Silas|Thomas|Grady|69844
Octavius|Moses|Yardley|02672
Yuli|Grant|George|44920
Chase|Jackson|Sylvester|81711
Galvin|Flynn|Asher|96853
Gil|Tarik|Abraham|94027
Simon|Gareth|Jackson|83821
Merrill|Kieran|Ali|39142
Oscar|Calvin|Nero|40521
Jerry|Herman|Jarrod|60855
Gil|Knox|Mason|82838
Vernon|Hayes|Boris|49598
Isaac|Ronan|Oliver|35910
Abdul|Lucius|Solomon|54362
Vaughan|Holmes|Harrison|77039
Reuben|Christopher|Lucian|46037
Hedley|Adam|Roth|70222
Caldwell|Amery|Adrian|43752
Maxwell|Henry|Marshall|54381
Barclay|Octavius|Moses|47456
Jerome|Dale|Kelly|46760
Hall|Timon|Blaze|88690
Hamish|Vaughan|Branden|36287
Nathan|Harper|Tyler|70771
Kaseem|Cameron|Cadman|91853
Bruce|Marsden|Kevin|49879
Brenden|Wylie|Duncan|53566
Alexander|Dolan|Erich|90527
Brent|Randall|Barrett|02559
Amos|Hyatt|Tate|83831
Griffin|Samuel|Kennedy|51518
Jack|Malachi|Otto|63021
Joshua|James|Ian|92030
Asher|Jesse|Hedley|54238
Jared|Marsden|Brandon|78606
Quinn|Nissim|Abraham|63998
Hamilton|Raja|Wyatt|89905
Odysseus|Norman|Lester|45338
Oliver|Fitzgerald|Steven|88889
Lionel|Steven|Honorato|87400
Kane|Hector|Dean|99756
Buckminster|Gregory|Alvin|36870
Camden|Wade|Phelan|23993
Holmes|Jasper|Zachery|37207
Howard|Davis|Orson|66732
Cooper|Cooper|Tobias|52882
Walker|Macon|Jordan|21271
Todd|Burton|Moses|77212
Wing|Oren|Erasmus|76265
Kermit|Shad|Norman|82203
Ethan|Jack|Kenneth|11827
Francis|Dante|Abdul|71392
Darius|Reed|Wing|50035
Hayes|Noah|Burton|44223