FirstName|LastName|SurName|BcertNo
Chaim|Baker|Michael|80087
Ahmed|Keane|Ross|43539
Barclay|Edan|Nasim|53280
Igor|Cadman|Seth|89093
Beau|Aladdin|Nehru|33813
Francis|Tate|Ignatius|50351
Thane|Myles|Rigel|54476
Sylvester|Burton|Kennan|24453
Lawrence|Stephen|Quinn|12119
Howard|Gregory|Lee|95599
Avram|Kenneth|Gary|90314
Laith|Tyrone|Callum|33351
Finn|Caleb|Connor|52877
Deacon|Branden|Lane|20821
Mannix|Sean|Magee|56353
Preston|Jasper|Fitzgerald|38231
Gray|Scott|Jamal|34711
Caleb|Jerry|Damon|44000
Tobias|Gray|Elvis|29786
Zachary|Josiah|Paul|76918
Alan|Holmes|Aaron|46247
Jamal|Carlos|Jin|72800
Tyler|Cruz|Alfonso|57528
Elliott|Geoffrey|Xander|22609
Dale|Callum|Sylvester|09310
Driscoll|Nicholas|Dennis|24683
Paul|Neil|Honorato|92440
Octavius|Allen|Hamilton|18974
Ryder|Kibo|Quinlan|58512
Cameron|Cairo|Akeem|79800
Vaughan|Chaney|Lane|41358
Armando|David|Bruce|60404
Baxter|Logan|Thor|39997
Evan|Cairo|Ishmael|43297
Elliott|Tad|Darius|36751
Keefe|Sawyer|Tiger|14720
Denton|Linus|Kaseem|93587
Kareem|Hyatt|Malik|63481
Jackson|Chester|Talon|32938
Zeph|Allistair|Fitzgerald|24044
Hasad|Wyatt|Xanthus|23543
Galvin|Orson|Connor|30152
Lev|Harding|Daniel|77093
Rogan|Walker|Levi|63129
Merritt|Philip|Nigel|47069
Arsenio|Colorado|Blaze|52260
Giacomo|Victor|Samuel|03266
Arthur|Benjamin|Cameron|49674
Cameron|Duncan|Paki|30406
Tyler|Plato|Walter|39146
Jack|Dustin|Ferdinand|53443
Timon|Hashim|Bevis|84858
Russell|Palmer|Lionel|79470
Palmer|John|Patrick|71586
Jin|Gareth|Declan|89832
Hunter|Nehru|Duncan|93601
Brenden|Bernard|Cade|88876
Ulysses|Gray|Alfonso|94478
Cyrus|Palmer|Sebastian|32406
Kieran|Laith|Jared|50065
Brent|Todd|Wallace|34059
Henry|Josiah|Hunter|86500
Austin|Talon|Xanthus|29529
Bruce|Jin|Clarke|41894
Elliott|Solomon|Rajah|65696
Macon|Kane|Dorian|37861
Gray|Rudyard|Knox|77513
Ulysses|Malik|Chaney|00870
Adrian|Kenyon|Jerome|71469
Jackson|Graham|Gavin|33564
Tanner|Rahim|Eagan|75210
Rogan|Declan|Judah|13582
Tobias|Gareth|Price|92662
Kennedy|Berk|Lucius|17725
Grant|Stephen|Aaron|10813
Plato|Philip|Paul|95998
Boris|Richard|Harrison|10496
Harding|Grant|Tarik|04842
Luke|Igor|Rooney|89895
Kenneth|Jonas|Avram|43585
Hasad|Dominic|Cairo|13838
Branden|Maxwell|Tanner|46206
Colt|Elijah|Neville|35481
Hasad|Joel|Price|66683
Rooney|Jameson|Nasim|66509
Griffith|Harrison|Merrill|11784
Hu|Bernard|Avram|04375
Patrick|Magee|Jelani|62804
Yasir|Isaac|Raja|59975
Logan|Warren|Len|02099
Victor|Hyatt|Reuben|68821
Emery|Aladdin|Clark|97913
Walter|Lane|Beau|55489
Fritz|Raja|Hunter|66482
Rafael|Daniel|Declan|30525
Ashton|Ivan|Keefe|51990
Preston|Edward|Nehru|54140
Patrick|Quentin|Wayne|80164
Kennan|Caldwell|Hayden|58247
Zachary|Ivan|Conan|25386